Customer_ID,Date,Remarks
120307,8/5/2020,Maayan new phone number is 0548870421 Can call after 6:00 p.m.
135939,9/5/2019,Fix ID number to 024346387
128783,9/5/2021, Shoshana cell no is 0538367321 and work number is 404-555-5555
137561,9/8/2021,New number is 0528890321
139214,22/7/2019,Ran ID fixed to is 925346387.
146995,9/2/2021,Benny new phone num 324346387
154539,2/23/2020,Called Anat 3 times on 8/2/2021  but she was available
815511,9/12/2023,524643685 is not Zorkin phone
193710,6/4/2021,Phone number 0528890324 and ID 024347387 for Muki is mistake
688565,8/5/2020, Chang Anat number from 0578440323 to 0568896329
