ID,Year,First_Name,Last_Name,Weight,Height,Baskets,Region,League
1,2020,David,Yuval,197,71,898,Asia,NBA
2,2020,Nir,Shir,237,74,1375,America,ABA
3,2020,Zorkin,Vaughn,201,67,1539,Asia,ABA
4,2020,Orit,Hardy,223,75,1645,Asia,ABA
5,2020,Loris,Curry,212,72,1576,America,NBA
6,2020,Shalom,Dafna,225,71,959,America,ABA
7,2020,Johnnie,Mcdaniel,203,74,981,Asia,ABA
8,2020,Anatt,David,233,74,1542,America,ABA
9,2020,Wayne,Tucker,224,68,1260,Asia,ABA
10,2020,Damian,Beck,209,71,636,Europe,ABA
11,2020,Anthony,Partush,243,75,1470,America,ABA
12,2020,Dudu,Hollinworth,209,68,642,America,ABA
13,2020,Arie,Farkash,232,74,1681,America,ABA
14,2020,Hamed,Olam,188,69,1465,Asia,NBA
15,2020,Nitsan,Alfarsi,191,70,1031,Asia,ABA
16,2020,Jack,Perts,238,72,937,America,ABA
17,2020,Jarod,Naami,212,74,1464,Africa,ABA
18,2020,Mitchell,Bimiamin,215,73,729,America,ABA
19,2020,Geuala,Mizrahi,230,69,903,Europe,NBA
20,2020,Ronen,Gigi,194,70,1151,America,NBA
21,2020,Zorkin,Hasamba,196,73,1483,Asia,NBA
22,2020,Mike,Murduch,214,73,1404,America,NBA
23,2020,Rudi,Burns,231,72,1063,America,NBA
24,2020,Momi,lili,197,72,1220,Asia,NBA
25,2020,Elliott,Barker,236,73,1258,Asia,NBA
26,2020,Dror,Garcia,215,73,1432,Asia,NBA
27,2020,Ricky,Gutman,216,71,1484,Asia,ABA
28,2020,Willie,Wells,213,74,700,America,ABA
29,2020,Danny,Zaguri,200,70,912,Asia,ABA
30,2020,Maayan,Aone,235,75,1377,Asia,ABA
31,2020,Russell,Sullivan,228,73,1079,America,ABA
32,2020,Meni,Ortiz,216,70,1185,America,NBA
33,2021,Kerman,Lamble,233,74,1542,America,NBA
34,2021,Wayne,Tucker,224,68,1260,Asia,ABA
35,2021,Zizi,Tripo,209,71,636,America,ABA
36,2021,Shalom,Nimran,243,75,1470,Asia,ABA
37,2021,Hami,Haziz,209,68,642,Asia,NBA
38,2021,Jed,Hammond,232,74,1681,America,ABA
39,2021,Gilad,bubi,188,69,1465,Asia,NBA
40,2021,Anton,Kuki,191,70,1031,Asia,ABA
41,2021,Jacki,Sofer,238,72,937,America,ABA
42,2021,Jarod,Norman,212,74,1464,Asia,NBA
43,2021,Mitchell,Boyd,215,73,729,America,ABA
44,2021,Beny,Hunt,230,69,903,America,ABA
45,2021,Casey,Graham,194,70,1151,America,ABA
46,2021,Barry,Simhoni,196,73,1483,Asia,NBA
47,2021,Meir,Mizrahi,214,73,1404,America,NBA
48,2021,Darren,Burns,231,72,1063,America,ABA
49,2021,Shmuel,Lopez,197,72,1220,Asia,NBA
50,2021,Liat,Elikan,236,73,1258,Europe,NBA
51,2021,Piper,Garcia,215,73,1432,Asia,NBA
52,2021,Ricky,Kuki,216,71,1484,Asia,ABA
53,2021,Willie,Wells,213,74,700,America,ABA
54,2021,Danny,Benny,200,70,912,Europe,NBA
55,2021,Sason,Itshak,235,75,1377,Asia,ABA
56,2021,Russell,Sullivan,228,73,1079,America,ABA
57,2021,Hen,Ortiz,216,70,1185,America,NBA
58,2021,Idan,Griffin,229,70,1498,America,NBA
59,2021,Taj,Shand,203,75,1509,Asia,ABA
60,2021,Garry,Guzman,215,70,1057,Africa,NBA
61,2021,Logan,Mendez,198,72,1638,America,ABA
62,2021,Shoshana,Shalabi,222,73,1348,Asia,ABA
63,2021,Carl,Myers,231,72,713,America,ABA
64,2021,Johnathon,Moody,235,74,888,America,ABA
65,2022,Jed,Halom,232,74,1681,Europe,ABA
66,2022,Sason,Itshak,188,69,1465,Asia,NBA
67,2022,Lamont,Amzaleg,191,70,1031,Asia,ABA
68,2022,Ami,Gamilel,238,72,937,Africa,ABA
69,2022,Orit,Bitas,212,74,1464,Asia,ABA
70,2022,More,Shir,215,73,729,Asia,ABA
71,2022,Beau,Hunt,230,69,903,America,ABA
72,2022,Dudu,Amzalegm,194,70,1151,Europe,NBA
73,2022,Momy,Halevy,196,73,1483,Asia,NBA
74,2022,Mike,Max,214,73,1404,America,NBA
75,2022,Didi,Baruch,231,72,1063,America,NBA
76,2022,Jai,Buzaglo,197,72,1220,Asia,NBA
77,2022,Menahem,Barker,236,73,1258,Asia,NBA
78,2022,Lahav,Galit,215,73,1432,Asia,NBA
79,2022,Zipi,Shavit,216,71,1484,Asia,ABA
80,2022,Willie,Wells,213,74,700,America,ABA
81,2022,Danny,Elkayam,200,70,912,Asia,ABA
82,2022,Shimshon,Kfir,235,75,1377,Asia,ABA
83,2022,Russell,Sullivan,228,73,1079,America,ABA
84,2022,Gil,Ortiz,216,70,1185,America,ABA
85,2022,Ian,Menachem,229,70,1498,America,ABA
86,2022,Farid,Elatrash,203,75,1509,Asia,ABA
87,2022,Gigi,Lilach,215,70,1057,Asia,NBA
88,2022,Logan,Mendez,198,72,1638,Asia,ABA
89,2022,Nathan,Hampton,222,73,1348,Asia,NBA
90,2022,Carl,Myers,231,72,713,America,NBA
91,2022,Mimi,Zrubavely,235,74,888,America,ABA
92,2022,Brett,Long,196,69,1127,Asia,NBA
93,2022,Solomon,Joseph,209,75,832,Asia,NBA
94,2022,Dani,Alyagon,218,67,978,America,ABA
95,2022,Curtis,Powell,191,71,1589,Asia,ABA
96,2022,Francisco,Conner,197,70,1303,America,NBA
97,2023,Mike,Maxwell,214,73,1404,America,NBA
98,2023,Darren,Burns,231,72,1063,America,NBA
99,2023,Jai,Lopez,197,72,1220,Asia,NBA
100,2023,Ali,Barker,236,73,1258,Asia,NBA
101,2023,Dror,Garcia,215,73,1432,Asia,NBA
102,2023,Maayan,Shira,216,71,1484,Asia,ABA
103,2023,Aviad,Wells,213,74,700,America,ABA
104,2023,Danny,Shalabi,200,70,912,Asia,ABA
105,2023,Javier,Momi,235,75,1377,Europe,ABA
106,2023,Russell,Sullivan,228,73,1079,America,ABA
107,2023,Yasmin,Ortiz,216,70,1185,America,NBA
108,2023,Geula,Miszrahi,229,70,1498,America,NBA
109,2023,Liron,David,203,75,1509,Asia,NBA
110,2023,Garry,Guzman,215,70,1057,Asia,ABA
111,2023,Shalom,Bilia,198,72,1638,Asia,ABA
112,2023,Nathani,Hampton,222,73,1348,Asia,NBA
113,2023,Bibi,Myers,231,72,713,America,ABA
114,2023,zizi,Tripo,235,74,888,America,ABA
115,2023,Brett,Naim,196,69,1127,Asia,NBA
116,2023,Sinha,Jiji,209,75,832,Asia,ABA
117,2023,Udi,America,218,67,978,America,ABA
118,2023,Curtis,Kats,191,71,1589,Asia,ABA
119,2023,Yaya,Ali,197,70,1303,Europe,NBA
120,2023,Cecil,Arie,218,69,1578,America,ABA
121,2023,Eyal,Rambam,208,74,1050,Africa,ABA
122,2023,Gidi,Kohen,194,70,1439,Africa,NBA
123,2023,Yoram,Jordan,220,73,1007,Africa,ABA
124,2023,Haviv,Hasan,187,68,1493,Africa,ABA
125,2023,Avigdor,Namir,219,67,770,Africa,NBA
126,2023,Golan,Motty,236,75,1558,Africa,NBA
127,2023,Hadar,Yakuti,212,67,1112,Africa,ABA
128,2023,Regev,Namer,220,74,1260,Africa,NBA
